INSTITUTIONID,INSTITUTIONNAME,RECORDSOURCE
2,"Time, Inc.",
19,"Association of American Painters and Sculptors (New York, N.Y.)",NAF
20,"Artists' Union (New York, N.Y.)",AAA
21,Judson Gallery,
23,Toledo Museum of Art,NAF
24,Wisconsin State Journal,
25,Dept. of Art and the Illini Union at the Univ. of Illinois,
26,Miami Herald Publishing Company,AAA
27,Rudolph Schaeffer School of Design,AAA
29,Art Institute of Chicago,NAF
30,Midwest Designer-Craftsmen,AAA
32,Haystack Mountain School of Crafts,NAF
34,Jugtown Pottery (Firm),NAF
35,"S.C. Johnson & Son, Inc.",
37,Massachusetts College of Art,NAF
38,New York Herald Tribune Forum,
39,Wisconsin Union Gallery,
41,Schultze Studio,
42,Detroit Institute of Arts,NAF
43,"Natural Color Photoprint Studio (San Francisco, Calif.)",AAA
44,MM. Jacques Seligmann & fils,NAF
45,L.W. Cushing and Sons,
47,Wolf and Lotte Schede-Foto,
48,Institution for Craftmanship,
50,American Federation of Arts,NAF
52,Frances Wolfson Art Gallery,NAF
55,Artists Equity Association,NAF
56,Associated American Artists,NAF
64,Los Angeles Institute of Contemporary Art,NAF
68,Renaissance Society at the University of Chicago,
69,"Rose Fried Gallery (New York, N.Y.)",NAF
71,Stendahl Art Galleries,NAF
72,Tamarind Lithography Workshop,NAF
75,Works Progress Administration,NAF
78,Las Autoridades Españoles (Spanish Authorities),
79,Mexican Embassy,
81,The Barbara Scott Gallery,
82,Meeting Point Art Center,
83,Miami-Dade Community College,
84,Barbara Gillman Gallery,AAA
85,Bass Museum of Art,
86,CDS Gallery,
87,Alexandra Galería,
94,Life Publishing Co.,
95,Hostos Community College,
96,La Raza Graphics Center,
97,Museo Nacional de Culturas Populares,
98,San Francisco Museum of Modern Art,NAF
99,Mexican Museum,NAF
100,Royal Chicano Air Force,NAF
101,Galeria de la Raza,NAF
102,Museum of International Folk Art,
103,Galeria Otra Nez,
104,Delphic Studios,NAF
105,Dorothy Weiss Gallery,NAF
106,The Evening Bulletin,
107,"Geo. E. Mallinson Importing Co., Inc.",
108,Durable Dish Co.,
110,Penland School of Handicrafts,NAF
111,Storm King Art Center,NAF
112,Pratt Institute,NAF
115,"Museum of Fine Arts, Boston. School",NAF
117,"Wildenstein and Company (New York, N.Y.)",NAF
118,International Association of Art Critics,NAF
131,Leo Castelli Gallery,NAF
132,"Art Students League (New York, N.Y.)",NAF
133,National Academy of Design (U.S.),NAF
134,Society of American Graphic Artists,NAF
135,Society of American Etchers,AAA
137,San Francisco Art Institute,NAF
140,Women's Caucus for Art,NAF
141,Herbert F. Johnson Museum of Art,NAF
143,American Academy of Arts and Letters,NAF
145,Montclair Art Museum,NAF
147,Harvard University. Germanic Museum,NAF
149,Los Angeles County Museum of Art,NAF
152,Philadelphia Museum of Art,NAF
154,Provincetown Art Association,NAF
155,Baxter Art Gallery,NAF
156,"Museum of Modern Art (New York, N.Y.)",NAF
157,Amon Carter Museum of Western Art,NAF
158,Kimbell Art Museum,NAF
159,Fordham University,NAF
161,Whitney Museum of American Art,NAF
162,Whitney Studio Club,NAF
163,American Academy in Rome,NAF
166,ACA Galleries,NAF
172,National Gallery of Art (U.S.),NAF
173,National Collection of Fine Arts (U.S.),NAF
175,"Museum of Fine Arts, Boston",NAF
176,Cincinnati Art Museum,NAF
177,New York University,NAF
178,Portland Art Museum (Or.),NAF
180,Brooklyn Museum,NAF
181,Renwick Gallery,NAF
182,Archives of American Art,NAF
183,Baltimore Museum of Art,NAF
184,Corcoran Gallery of Art,NAF
185,Tibor de Nagy Gallery,NAF
187,Allen Memorial Art Museum,NAF
192,Fogg Art Museum,NAF
193,Harvard University. Graduate School of Design,NAF
195,Architectural League of New York,NAF
197,"Metropolitan Museum of Art (New York, N.Y.)",NAF
202,Munson-Williams-Proctor Institute. Museum of Art,NAF
203,"Anderson Galleries, Inc",NAF
204,American Art Association,NAF
205,M. Knoedler & Co.,NAF
209,Carnegie Institute. Museum of Art,NAF
210,United States. Works Progress Administration,NAF
214,Dallas Museum of Fine Arts,NAF
215,Fine Arts Museums of San Francisco,NAF
216,M.H. De Young Memorial Museum,NAF
217,California Palace of the Legion of Honor,NAF
221,"Museum of Contemporary Art (Chicago, Ill.)",NAF
226,Pennsylvania Academy of the Fine Arts,NAF
228,"Museum of Fine Arts, Houston",NAF
229,Brookgreen Gardens,NAF
230,Pasadena Art Museum,NAF
231,Southern Illinois University at Carbondale,NAF
232,United States. Dept. of State.,NAF
233,University of Wisconsin,NAF
235,"Jewish Museum (New York, N.Y.)",NAF
242,D. Appleton and Company,NAF
245,Grace Borgenicht Gallery,NAF
247,Salmagundi Club,NAF
252,Municipal Art Society of New York,NAF
253,Parke-Bernet Galleries,NAF
258,"Brady National Photographic Art Gallery (Washington, D.C.)",NAF
261,Butler Institute of American Art,NAF
264,Wadsworth Atheneum,NAF
266,Print Council of America,NAF
273,"Union League Club (New York, N.Y.)",NAF
277,University of Chicago. Renaissance Society,NAF
279,Candy Store Gallery,NAF
280,Perls Galleries,NAF
283,Public Works of Art Project,NAF
284,Berry-Hill Galleries,NAF
289,Cleveland Institute of Art,NAF
298,"Century Association (New York, N.Y.)",NAF
299,"National Arts Club (New York, N.Y.)",NAF
300,Louis K. Meisel Gallery,NAF
302,"Woman's Building (Los Angeles, Calif.)",NAF
305,"Forum Gallery (New York, N.Y.)",NAF
308,Dilexi Gallery,NAF
310,Martha Jackson Gallery,NAF
311,Peter A. Juley & Son,NAF
318,Pewabic Pottery (Firm),NAF
319,American Institute of Architects. Philadelphia Chapter,NAF
320,"Black Mountain College (Black Mountain, N.C.)",NAF
323,"Phoenix Gallery (New York, N.Y.)",NAF
324,Grand Central Art Galleries,NAF
325,Vose Galleries of Boston,NAF
330,Art Club of Philadelphia,NAF
334,American Abstract Artists,NAF
342,Skowhegan School of Painting and Sculpture,NAF
343,Kraushaar Galleries,NAF
345,"Staempfli Gallery (New York, N.Y.)",NAF
348,Finch College. Museum of Art,NAF
353,United States. Farm Security Administration. Historical Section,NAF
357,Edward MacDowell Association,NAF
358,"Copley Society (Boston, Mass.)",NAF
364,Nippon Club,NAF
369,Weyhe Gallery,NAF
371,Focus Gallery,NAF
374,"Brummer Gallery (New York, N.Y.)",NAF
375,American Watercolor Society,NAF
378,Pach Brothers,NAF
382,Howard Wise Gallery,NAF
384,Louis Comfort Tiffany Foundation,NAF
398,"Alan Gallery (New York, N.Y.)",AAA
404,"Alman & Co. (New York, N.Y. and Newport, R.I.)",AAA
414,Ames Manufacturing Company. Bronze Foundry,NAF
418,"Area Gallery (New York, N.Y.)",AAA
426,Art in America,AAA
435,"Artist Tenants Association (New York, N.Y.)",NAF
436,Artists' Co-operative Galleries,AAA
438,New York Artists Equity Association,NAF
440,Artists' Fund Society,AAA
451,Audubon Artists,NAF
455,Beachcombers (Organization),AAA
458,Bierstadt Brothers (Firm),AAA
460,Blackstone Studios,AAA
463,"Bonomo Photo Service (Firm: New York, N.Y.)",AAA
468,"Bourgeois Galleries (New York, N.Y.)",AAA
471,"Brown Brothers (New York, N.Y.)",AAA
473,Burr McIntosh Studio,AAA
480,"Carrig-Rohane Shop (Boston, Mass.)",AAA
486,"Chappel Studio (Firm: Philadelphia, Pa.)",AAA
488,Charles D. Fredricks & Co.,AAA
493,Cinque Gallery,AAA
494,"Citizens Committee for the Army, Navy, and Air Force",AAA
497,Clayton Stone Harris Studio,AAA
501,Colten Photos,AAA
506,Copley Gallery,AAA
517,"DeVos Studio (Chicago, Illinois)",AAA
527,Eva Lee Gallery,NAF
528,"Evans Studio (Washington, Pa.)",AAA
529,Everett Ellin Gallery,AAA
531,"Exhibition Momentum (Art group: Chicago, Ill.)",NAF
538,Federal Art Project (Wis.),NAF
542,Federation of Modern Painters and Sculptors,AAA
545,Fine Arts Federation of New York,AAA
546,Fine Arts Museum of San Francisco. Graphic Arts Council,NAF
550,"Folsom Galleries (New York, N.Y.)",AAA
553,"Foster Brothers (Boston, Mass.)",AAA
564,"Gallery 256 (Provincetown, Mass.)",AAA
566,"Gertrude Kasle Gallery (Detroit, Mich.)",AAA
575,"Guild Art Gallery (New York, N.Y.)",AAA
581,"Haeseler (Firm: Philadelphia, Pa.)",NAF
582,"Handy (Firm : Washington, D.C.)",AAA
588,"Henri Gallery (Washington, D.C.)",AAA
596,Hyde Park Art Center,AAA
601,"Janvier (Firm: Baltimore, Md.)",AAA
605,Chaloner Prize Foundation,AAA
609,"John Levy Galleries (New York, N.Y.)",AAA
611,"Kelsey Studio (Chatham, Mass.)",AAA
613,"Kirsch Studios (Detroit, Mich.)",AAA
623,"Little Gallery (Birmingham, Mich.)",AAA
626,London Stereoscopic and Photographic Company,AAA
627,Los Angeles Art Association,AAA
628,Los Angeles Independent Film Oasis,AAA
632,MacDowell Club of New York,AAA
634,"Margaret Brown Gallery (Boston, Mass.)",AAA
635,"Market Street Program (Arts organization: Venice, Calif.)",AAA
636,Marsten Photo,AAA
639,"M. de Zayas (Gallery : New York, N.Y.)",AAA
647,"ThomasLewallen Gallery (Santa Monica, Calif.)",AAA
650,"National Society of Mural Painters (New York, N.Y.)",AAA
672,"O'Brien Galleries (Chicago, Ill.)",NAF
676,"Downtown Gallery (New York, N.Y.)",NAF
678,"Palette & Chisel Academy of Fine Arts (Chicago, Ill.)",AAA
684,"Penguin Club (New York, N.Y.)",AAA
685,People's Art Guild,AAA
687,"Phelphs Studio (New Haven, Ct.)",NAF
689,Philadelphia Sketch Club,AAA
701,Rintgul & Rockwood,AAA
711,San Francisco Art Society,AAA
713,"Schaeffer Galleries (New York, N.Y.)",AAA
714,"Schloss (Firm : New York, N.Y.)",AAA
720,Shelburne Studios,NAF
723,Société Anonyme,AAA
727,SoHo Artists Association,AAA
728,Sol. Young Studios,AAA
738,"Tanager Gallery (New York, N.Y.)",AAA
742,Thompson & Hudson Co,AAA
744,"Tirca Karlis Gallery (Provincetown, Mass.)",AAA
746,Treasury Relief Art Project,AAA
747,Underwood & Underwood Studios,AAA
749,United States. Dept. of the Treasury. Section of Fine Arts,AAA
750,United States. Dept. of the Treasury. Section of Painting and Sculpture,AAA
756,Waddell Gallery,AAA
757,"Waintrob-Budd (Firm : New York, N.Y.)",AAA
758,"Walter Studio (New York, N.Y.)",AAA
766,Wilbur H. Burnham Studios,NAF
771,Window & Grove,AAA
776,"Women in the Arts Foundation, Inc",AAA
779,WRFM,NAF
782,Zitso Studio,AAA
783,3EP Ltd.,AAA
784,"Terry Dintenfass, inc.",NAF
786,Hudson River Museum,NAF
789,Sidney Janis Gallery,NAF
790,San Francisco Women Artists,NAF
791,"Braunstein/Quay Gallery (San Francisco, Calif.)",NAF
792,"Stone City Colony and Art School (Stone City, Iowa)",NAF
794,Chase School of Art,NAF
795,"Corcoran School of Art Washington, D.C. Photographs",NAF
796,"Valentine Gallery (New York, N.Y.)",NAF
798,"Federal Art Gallery (New York, N.Y.)",AAA
800,Federal Art Project (N.Y.),NAF
804,"Kit Kat Club (New York, N.Y.)",AAA
806,St. Paul School of Fine Arts,AAA
807,"Tenth Street Studio Building (New York, N.Y. )",AAA
809,Fischbach Gallery,NAF
813,P.P. Caproni & Brother,NAF
815,"Davis & Sanford (Firm: New York, N.Y.)",AAA
818,"Durand-Ruel Galleries (New York, N.Y.)",NAF
819,Ferargil Galleries,NAF
820,Linda Farris Gallery,NAF
821,Harris & Ewing,NAF
824,Marie Harriman Gallery,NAF
828,Jacques Seligmann & Co.,NAF
831,B.C. Holland Gallery,AAA
834,Kootz Gallery (N.Y.),NAF
838,University of Minnesota. University Gallery,NAF
839,"Museum of Contemporary Art (Los Angeles, Calif.)",NAF
840,Kaiden Keystone (Firm),AAA
842,Daughters of the American Revolution,NAF
844,Macbeth Gallery,NAF
845,"Willett Art Studios (New York, N.Y.)",AAA
853,Keystone View Company,NAF
857,Robert Schoelkopf Gallery,NAF
860,Rhode Island School of Design. Museum of Art,NAF
863,"Area X Gallery (New York, N.Y.)",AAA
864,Ankrum Gallery,NAF
865,Goupil & Cie,NAF
871,Washington Project for the Arts (D.C.),NAF
875,"Society of Independent Artists (New York, N.Y.)",NAF
878,Torpedo Factory Art Center,NAF
879,Harmon Foundation,NAF
880,Heritage Gallery,NAF
888,Byron Gallery,NAF
889,Federal Art Project (Calif.),NAF
892,Young Men's and Young Women's Hebrew Association of Philadelphia. Arts Council,NAF
894,Century illustrated monthly magazine,NAF
897,United States. Works Projects Administration,NAF
898,Boston University Photo Service,NAF
900,B. R. Kornblatt Gallery,AAA
901,"Sherwood Studio Building : New York, N.Y. Photographs",NAF
917,Federal Art Project. Photographic Division,NAF
918,Washington Society of Landscape Painters,AAA
919,"8BC (Organization: New York, N.Y.)",AAA
920,"Long Point Gallery (Provincetown, Mass.)",AAA
923,"Jamison Thomas Gallery (Portland, Or.)",AAA
927,Vinalhaven Press,NAF
930,"Dwan Gallery (New York, N.Y.)",NAF
931,Committee to Rescue Italian Art,NAF
936,Fendrick Gallery,NAF
937,"Lorence-Monk Gallery (New York, N.Y.)",NAF
939,Marilyn Pearl Gallery,NAF
941,Los Angeles Museum of Art,NAF
943,Worcester Art Museum,NAF
945,Samuel Gompers High School,
946,Lincoln Hospital,
947,Hebrew Orphan Asylum,
948,Julia Tichman High School,
950,Harlem Hospital,
951,Bellevue Hospital,
952,Roosevelt Hospital,
953,"Horace Mann School, Chicago",
954,Farm Colony,
955,Grover Cleveland High School,
956,Mt. Vernon Library,
958,Theodore Roosevelt High School,
959,Floyd Bennett Airport,
960,Welfare Chronic Disease Hospital,
964,Fordham Hospital,
965,Harlem Community Art Center,
966,House of Detention for Women,
967,North Beach Airport,
968,Samuel Hunington Highschool,
970,World's fairs,
972,Evander Childs High School,
973,Art Service Park,
974,Gety House,
975,Neponsit Beach Hospital,
976,Greenpoint Hospital,
977,Queens Bridge Community Center,
978,Willard Parker Hospital,
979,Red Hook Housing,
980,"Roosevelt Park, N.J.",
981,Vocational School,
983,Ellis Island,
984,Lordham Hospital,
987,Baron de Hirsch Trade School,
988,Carrie Tingley Crippled Children's Hospital,
990,"Hollinger & Co., Photographers",
991,Goupil Gallery,
992,Wunderlich Gallery,
994,St. Botolph Club,
996,"Art Education Gallery, New York University",
998,UNESCO,
999,Corning Glass Works,
1001,Warren's,
1002,"C.F. Conly, Photographers",
1003,Hardy,
1004,Taylor and Dull,
1005,Seagull Portrait Studios,
1006,Uffizi Gallery,
1007,Broadbent and Phillips,
1008,Curtiss,
1009,Globe Press Photo Service,
1010,Cairo Museum,
1011,Opie Limited,
1014,Lloyd Studios,
1015,Yaddo,
1016,Elliott and Armstead,
1017,"Pan-American Photo Service, Inc.",
1018,Bloomingdale Brothers,
1019,Ankers Photographers,
1021,Newspictures,
1022,Union Pacific Railroad,
1023,Studio Marconi,
1025,J. Bess Studios,
1026,Worldwide Photos,
1027,Akron Studios,
1028,Jesse Gordon & Associates,
1029,Connell Swell Photographer,
1030,Brush Studio & Art Shop,
1031,Robert Uzzell Studio,
1032,"Pacific & Atlantic Photos, Inc.",
1033,International News Photos,
1034,Sallestedt,
1035,Berko-Henry Studio,
1036,WTIC-TV,
1037,University of Michigan News Service,
1038,Budd (Firm : New York N.Y.),
1040,Sid Deutsch Gallery,
1041,Angus Whyte Gallery,
1043,"Hessler Studio (Washington, D.C.)",
1044,"J. E. Purdy & Co. (Boston, Mass.)",
1046,Drucker & Co.,
1047,New York Post,
1048,New York Times,
1050,"Museum of Fine Arts (Springfield, Mass.)",
1051,Society of North American Goldsmiths,
1052,Kennedy Galleries,
1053,"Mitchell Museum, Mount Vernon, Illinois",
1054,American Craft Museum,
1055,Museum of Contemporary Crafts,
1056,"Visual Arts Exhibition Gallery, the University of Kansas, Lawrence, Kansas",
1057,"One Mellon Bank Center, Pittsburgh, Pennsylvania",
1058,"National Ornamental Metal Museum, Memphis, Tennessee",
1061,Houghton Mifflin Company,
1062,"Locks Gallery (Philadelphia, PA)",
1064,"Art Gallery, University of California, Irvine",
1071,Atelier Riess,
1072,J. W. Black & Co.,
1073,"State School for the Deaf, Delavan, Wis.",
1074,"Gallery 200 (Provincetown, Mass.)",
1075,George H. Davis Studio,
1076,Arts Club of Chicago,
1077,"Egan Gallery, New York",
1080,Museum of Science,
1081,"Fay Foto Service, Inc.",
1082,Betty Parsons Gallery,
1083,"H. G. Smith Studio Building, Boston",
1084,"Foto Ferruzzi s.a. (Venezia, Italy)",
1089,Ording Photo,
1091,Beverley Studio,
1092,Fratelli Alinari,
1094,Ortgies & Co.,
1095,"Rogers, Peet Company, New York",
1096,Studio Beeson,
1097,California College of Arts and Crafts,
1098,Northern California Handweavers,
1099,"Wide World Photos: The New York Times, S.A.",
1101,Mitchell,
1102,Fredricks' Knickerbocker Family Portrait Gallery,
1103,Sanborn Studio,
1104,U.S. Navy Photograph,
1105,DW Gallery,
1106,Triton Museum of Art,
1107,Scripps College,
1108,Headlands Art Center,
1109,Norman Mackenzie Art Gallery,
1110,Klim-Check,
1111,"Press Illustrating Service, Inc.",
1112,The Washington Post,
1113,Marquie Gallery,
1114,Alma Reed Galleries,
1115,"Organization of Independent Artists (New York, N.Y.)",NAF
1121,Ecole nationale supérieure des beaux-arts (France),
1125,Ritz Studio,
1129,Schumacher and Company,
1130,The Modern Studio,
1131,Cosmo - Sileo,
1132,American Cancer Society,
1133,The Berrien Studio,
1134,Internationl Academy of Ceramics,
1135,America House,
1136,Campus Music and Gallery,
1137,Rutgers State University,
1138,Norton Gallery of Art,
1139,Pittsburgh Post-Gazette,
1140,Ferus Gallery,
1141,University of California Press,
1142,Towle Silversmiths,
1143,Strom Thurmond Federal Office Building and Courthouse,
1144,"Gilberts, Paris",
1145,"Mort Kaye Studios, Inc.",
1147,Chase Manhattan Plaza,
1148,Impact Photos Inc.,
1153,Barnett Aden Gallery,
1154,H. K. Press,
1155,Little Paris Group,
1158,Silvermine Guild of Artists,NAF
1159,"Delancey Street Museum, New York",
1160,"Richard Gray Gallery, Chicago",
1161,Chicago Sun-Times,
1162,"Fairleigh Dickinson University, Madison, New Jersey",
1163,Louisville Defender,
1164,"Donald Morris Gallery, Detroit",
1165,"New School Art Center, New York City",
1166,"J. B. Speed Art Museum, Louisville, Kentucky",
1167,National Hot Rod Association,
1168,Jiffyware,
1169,Cleveland Plain Dealer,
1170,Conway Studios Corp.,
1171,Studio 7,
1172,Douglas L. Elliman & Co.,
1173,Curt Valentin Gallery,
1174,Glass House,
1175,De Cusati Studio,
1176,John Gibson (Gallery),
1177,The Village Voice,
1178,University of Pennsylvania,
1183,Anneberg Gallery,
1189,Joanne Rapp Gallery,
1191,"Barbara Mathes Gallery (New York, N.Y.)",
1193,"Ceeje Gallery (Los Angeles, Calif.)",
1196,World House Galleries,
1198,"Bowery Gallery (New York, N.Y.)",
1199,"Carus Gallery (New York, N.Y.)",NAF
1202,Stable Gallery,NAF
1210,Atlantic Foto Service,
1211,United Nations,
1212,69th Regiment Armory,
1215,Society of American Artists,
1216,Empire State Building,
1219,United States. Army -- American Expeditionary Force,
1220,Art Academy of Cincinnati,
1221,Lyman Studio,
1222,Kentucky Tablet Commission of the State of Kentucky,
1223,World Trade Center,
1224,Newark Museum,
1225,Shunk-Kender (Firm),
1228,Bartram's Garden,
1229,New York Evening Journal,
1230,Chicano Arts Council,
1231,"University of California, Los Angeles, Chicano Studies Center",
1234,Los Angeles Municipal Art Gallery,
1237,UCLA Art Galleries.,
1238,Lankford and Cook Gallery,
1239,Watts Tower,
1240,Capilla de Nuestra Senora de la Soledad,
1241,"Municipal Art Gallery (Atlantic City, N.J.)",
1242,"Knoll International, inc.",
1244,Abbot's Grange,
1245,Kohler Company,
1248,John Simon Guggenheim Memorial Foundation,
1249,United States. Federal Emergency Relief Administration,
1252,Federal Theatre Project (U.S.),
1257,Asian Art Museum,
1258,AFL-CIO,
1259,American Federation of Labor,
1260,Congress of Industrial Organizations (U.S.),
1262,Milwaukee Art Center,
1265,Byrdcliffe (Art colony),
1266,Woodstock Artists Association,
1267,"Calvary Episcopal Church (Pittsburgh, Pa.)",
1268,"Reynolds, Francis and Rohnstock",
1269,Elliott and Fry,
1272,Charles Scribner’s Sons,
1274,"Fiberworks, Center for the Textile Arts",
1276,John Golden Theatre,
1277,Missouri State Capitol,
1280,L.A. Louver Gallery,
1281,The Albertype Co.,
1283,Sarasota Design Gallery,
1284,United States Postal Service,
1285,Miami-Dade Public Library,
1291,"Philharmonic Hall (New York, N.Y.)",
1293,Busch-Reisinger Museum,
1294,Salle Chopin,
1295,Sarony and Company,
1296,Brady's Photographic Gallery,
1297,Philadelphia Bulletin,
1298,Matunuck Summer School of Painting,
1300,Peyser and Patzig Inc.,
1301,Austin F. Bement,
1303,Carson's Studio,
1304,Pierre Colle (Firm),
1305,Notman Photographic Company,
1306,Hugo Gallery,
1308,New York Correspondence School,
1309,Smithsonian Institution Archives,
1310,Reading Company,
1311,University of Massachusetts at Amherst,
1312,F.R.S. Yorke,
1315,Golden Gate Park,
1316,Profile Press,
1317,C. W. Ackerman Studio,
1320,United States Information Agency,
1322,Guerrilla Girls (Group of artists),
1323,DeCordova and Dana Museum and Park,
1324,Palazzo vecchio,
1330,"Park Place Gallery Art Research, Inc",
1332,Oscar Peterson Trio,
1335,American Red Cross,
1336,H. and L. Kirtland,
1337,Waldo & Jewett,
1338,Detroit Society of Arts and Crafts,
1339,American Craft Council,
1340,The Newhall Studio,
1342,Kornfeld Gallery,
1343,Bronx Community College,
1346,Parsons School of Design,
1348,Terrain Gallery,NAF
1350,Janrell Bros.,
1351,The Meyercord Co.,
1352,Tuileries Palace,
1353,Ken Schmid Studio,
1354,Hunterdon Museum of Art,
1355,Smithsonian Institution Traveling Exhibition Service,
1356,Pilchuck Glass School,
1357,"Kiln Club of Washington, D.C.",
1358,Helen Drutt Gallery,
1359,Philadelphia Art Alliance,
1360,American Crafts Council. Museum of Contemporary Crafts,
1361,Radio Corporation of America,
1363,Bauhaus,
1364,Pacific Arts Association,
1365,Buckingham's Inc.,
1366,Meyercord Decal Company,
1367,"C.W. Hughes & Co., Inc.",
1368,City Lights Bookstore,
1370,Southern california Art Teachers Association,
1371,"Dwan Gallery (Los Angeles, Calif.)",
1372,Stuttman Gallery,
1373,De Witt Ward studio,
1374,Harmelin,
1375,Media,
1376,Thompson,
1377,Hans Hofmann School of Fine Arts,
1378,Sackett and Mackay,
1379,Venice Biennale,
1383,Boston City Hall,
1384,Allan Frumkin Gallery,
1385,Rolf Nelson Gallery,
1386,Texas Gallery,
1388,Cole & Co.,
1389,Treadwell,
1390,Worcester Memorial Auditorium,
1396,An American Place,
1397,Art of This Century,
1398,Fine Editions Press,
1399,William-Frederick Press,
1401,Paul Reinhardt Galleries,
1402,Connecticut General Life Insurance Company,
1406,Perry Studio,
1410,Galerie Rudiger Schottle,
1411,"The Potter's Shop, Inc.",
1412,55 Mercer St. Gallery,
1414,"Northwestern Photographic Studios, Inc.",
1415,James Graham & Sons,
1416,C. O. Bickelmann,
1418,N.E. Thing Company,
1420,Sneed Gallery,
1422,Greek Letters and Arts Society,
1423,Western Photo co.,
1424,Social Publishing Co.,
1425,Furniture Index Inc.,
1426,The Good Story Magazine Company,
1427,Pencil Points Press,
1428,Parkinsons,
1431,Thread Waxing Space,
1433,Thread Waxing Space (Gallery),
1436,Daddaland,
1437,André Emmerich Gallery,
1438,Relief Committee for Greeks of Asia Minor,
1439,Hanna & Hanna,
1440,Stowall Studios,
1441,Merritt & Baldwin Studio,
1442,United States. Government Printing Office,
1443,State University of New York at Binghamton,
1444,American Association of Museums,
1445,"New York Artists Strike Against War, Racism, Repression, and War",
1446,Victorian Society in America,
1448,Foto Mercurio,
1449,Cosmos,
1450,S. A. Innocente Mangili Adriatica,
1452,Frick Collection,
1456,The Country Playhouse,
1457,Carnegie Hall,
1458,"Birmingham Museum of Art (Birmingham, Ala.)",
1459,Agenzia D' Attualita Fotografia di Marzollo,
1462,Tyner & Murphy,
1463,Galerie Percier,
1464,Galerie Billiet,
1465,"Gross' Studio (Brooklyn, New York, N.Y.)",
1467,Gutai Bijutsu Kyokai,
1469,"Taliesin (Spring Green, Wis.)",
1470,Loescher and Petsch,
1472,Anna Head School for Girls,
1474,Tokyo Broadcasting System,
1476,Indianapolis Museum of Art,
1477,John Reed Club,
1478,New Masses,
1479,Younker Bros. Photographic Studio,
1480,Dorothy Liebes Studio,
1481,Denishawn,
1482,Bert & Richard Morgan Studio,
1488,"Jam Handy Organization, inc.",
1489,American Artists' Congress,
1491,"WGTV (Television station : Athens, Ga.)",
1492,ABC Radio (Australia),
1493,WKNE (Radio station : Keene N.H.),
1494,"WCFM (Radio station : Washington, D.C.)",
1495,"WNYC (Radio station : New York, N.Y.)",
1497,American Academy of the Fine Arts,
1498,"Washington University (Saint Louis, Mo.)",
1499,Bert and Richard Morgan,
1500,Widdicomb Furniture Company,
1501,Museum of Conceptual Art,
1502,Berkeley Gallery,
1503,Walker Art Center,
1504,Wiener Werkstatte,
1505,Burge,
1506,Smithsonian Institution. Bureau of American Ethnology,
1507,Schweizerische Radio- und Fernsehgesellschaft,
1508,"WQXR (Radio station : New York, N.Y.)",
1509,"WTIC (Radio station : Hartford, Conn.)",
1510,"WABC (Radio station : New York, N.Y.)",
1511,National Broadcasting Company,
1512,"WFDR (Radio station : New York, NY)",
1519,Académie Julian,
1540,American Academy and Institute of Arts and Letters,
1547,American Art Galleries,
1569,American Institute of Architects,
1571,American Place (Gallery),
1572,"American Red Cross.Studio for Portrait Masks (Paris, France)",
1597,Art Institute of Chicago. School,
1601,Art Workers Coalition,
1603,Artforum,
1642,"Bertha Schaefer Gallery (New York, N.Y.)",
1655,Bonino Gallery,
1672,Brooklyn College,
1686,California College of Arts and Crafts,
1691,"California State University, Northridge",
1698,Carnegie Institute,
1699,Carnegie Institute of Technology,
1702,"Cathedral of St. John the Divine (New York, N.Y.)",
1715,"Chase School of Art (New York, N.Y.)",
1717,Chicago Academy of Fine Arts,
1719,Chicago No-Jury Society of Artists,
1743,Columbia University,
1754,Cooper Union for the Advancement of Science and Art,
1759,"Copley Galleries (Beverly Hills, Calif.)",
1771,Cranbrook Academy of Art,
1776,Currier & Ives,
1777,"Curt Valentin Gallery (New York, N.Y.)",
1783,Dalzell Hatfield Galleries,
1788,David Herbert Gallery,
1806,Dudensing Galleries,
1831,Fabric Workshop,
1835,Federal Art Project,
1839,Federal Art Project (Fla.),
1851,"Federal Art Project (New York, N.Y.)",
1877,"Ferus Gallery (Los Angeles, Calif.)",
1893,Ford Foundation,
1916,"G Place Gallery (Washington, D.C.)",
1930,Gallery of Living Art,
1956,Grand Central Moderns (Gallery),
1958,Graphic History Society of America,
1959,"Graphic Sketch Club (Philadelphia, Pa.)",
1966,Group f.64,
1976,Handy & Harman (Firm),
1979,Harlem Artists Guild,
2015,Index of American Design,
2017,Institute for the Study of Art in Education,
2018,"Institute of Design (Chicago, Ill.)",
2061,"Katharine Kuh Gallery (Chicago, Ill.)",
2064,Kent State University,
2068,"Knoll Associates, inc",
2070,"Kootz Gallery (Provincetown, Mass.)",
2092,Library of Congress,
2093,Library of Congress.Prints and Photographs Division,
2100,"Little Gallery (Cedar Rapids, Iowa)",
2124,Marlborough-Gerson Gallery,
2128,Massachusetts Institute of Technology,
2153,Mills College,
2164,Montgomery College,
2174,Musée du Louvre,
2187,Museum of New Mexico. Art Gallery,
2202,National Endowment for the Arts,
2226,New York Public Library,
2246,"OK Harris Works of Art (Gallery: New York, N.Y.)",NAF
2248,Office of War Information.,
2260,Pace Gallery,
2269,Paula Cooper Gallery,
2271,Penland School of Crafts,
2274,Pennsylvania State Capitol,
2303,Provincetown Art Colony,
2307,Public Works of Art Project (Iowa),
2308,Public Works of Art Project (Mass.),
2312,"Queens College (New York, N.Y.)",
2325,Rijksmuseum (Netherlands),
2326,Ringling Brothers Barnum and Bailey Combined Shows,
2329,"Riverside Museum (New York, N.Y.)",
2336,Rockport Art Association,
2344,Roy Boyd Gallery,
2346,Royal Academy of Arts (Great Britain),
2347,"Royal Academy of Fine Arts (Munich, Germany)",
2351,"Salons of America, Inc",
2362,San Francisco Museum of Art,
2391,Shinnecock Summer School of Art,
2401,Smith College,
2402,Smithsonian Institution,
2416,Solomon R. Guggenheim Museum,
2417,South Side Community Art Center,
2421,Spiral (Group of artists),
2432,State Historical Society of Wisconsin.Division of Archives and Manuscripts,
2434,Amsterdam (Netherlands). Stedelijk Museum,
2443,"Subjects of the Artist (School : New York, N.Y.)",
2444,Sunwise Turn Book Shop,
2448,Syracuse University,
2471,Titanic (Steamship),
2477,Transcendental Painting Group (N.M.),
2492,United States Information Service,
2520,"University of California, Berkeley",
2524,"University of California, Davis.Art Dept",
2526,"University of California, Irvine",
2527,"University of California, Los Angeles",
2530,University of Chicago,
2536,University of Iowa,
2540,University of Minnesota,
2551,University of Washington,
2552,University of Wisconsin--Madison,
2559,Vassar College,
2578,Watts Towers Art Center,
2584,"White House (Washington, D.C.)",
2596,"Wisconsin Concrete Park (Phillips, Wis.)",
2600,"WNYC (Radio station : New York, N.Y.)",
2610,World Crafts Council,
2616,Yale University,
2619,Yale University.School of Art,
2629,"WEVD (Radio station) New York, N.Y.",
2630,American Broadcasting Company,
2631,"WBBM (Radio station : Chicago, Ill.)",
2632,World Wide Broadcasting Foundation,
2633,"KROD (Radio station : El Paso, TX)",
2634,Lincoln Square Community Council,
2635,Tufts University. Art Gallery,
2636,"WNET (Television station : New York, N.Y.)",
2637,"Andy Warhol Films, Inc.",
2641,"Lotos Club (New York, N.Y.)",
2642,British Broadcasting Corporation,
2644,Unites States. Marine Corps,
2646,Fratelli D’Alessandri (Firm),
2647,Albert Roullier Art Galleries,
2648,Great Britain. Royal Air Force,
2649,Weusi Artists Collective,
2650,Financial News Network,
2651,"California State University, Chico",
2655,Heiner Friedrich Gallery,
2656,Foto Locchi,
2662,American Film House,
2663,New Organization for the Visual Arts (Ohio),
2664,Citizens Committee for Government Arts Projects,
2667,"WBZ-TV 4 (Television station: Boston, Mass.)",
2670,Artists Space,
2677,"Centre culturel américain (Paris, France)",
2679,Artists' Fund Society of New York,
2680,"John-Frederics (New York, N.Y.)",
2681,Neiman-Marcus,
2682,Rembrandt Gallery,
2683,"Gallery 32 (Los Angeles, Ca.)",
2684,Alfred S. Campbell Art Co.,
2687,"United States. Army. Volunteer Cavalry, 1st",
2689,Munson-Williams-Proctor Institute. School of Art,
2690,General Idea (Firm),
2693,New Haven Jewish Community Center,
2695,"Jensen Communications Associates (Oxford, N.J.)",
2698,Galerie Darthea Speyer,
2700,Andy Warhol Fan Club of New York City,
2703,"Harry Merrick Studio (Long Beach, Calif.)",
2705,Poland. Senat,
2707,American Colony (Jerusalem),
2708,Harvard Film Service,
2709,Harvard University,
2710,"Nicholas Roerich Museum (New York, N.Y.)",
2711,Regency Pictures,
2712,Henry E. Huntington Library and Art Gallery,
2714,Modern Art Museum of Forth Worth,
2715,Atelier Chapman Kelley,
2716,I. Magnin & Co.,
2719,Mother Art,
2721,St. Bonaventure University,
2722,Gruen Associates,
2723,Cambridge Seven Associates,
2724,AFRICOBRA  (Artists' group),
2726,Schomburg Center for Research in Black Culture,
2727,Africobra,
2731,Guerrilla Girls West (Group of artists),
2732,"Bay Area Video Coalition (San Francisco, Calif.)",
2733,AMR Productions,
2734,Southern Exposure Gallery,
2735,Seers Institute,
2736,Top Gallant Farm,
2742,"Agis Verlag (Baden-Baden, Germany)",
2744,Collegiate Reformed Protestant Dutch Church of the City of New York,
2745,"St. Pauls Church (Chicago, Ill.)",
2747,Human Relations Council of Greater New Haven,
2748,"Lambs (Theatrical club : New York, N.Y.)",
2750,"I. L. Rosenthal's Studio (Provincetown, Mass.)",
2753,Los Angeles County (Calif.). Dept. of Parks and Recreation,
2754,Watts Summer Festival,
2755,Art & Language,
2758,Earlham College,
2759,Publishers' Photo Service,
2760,Polarad Electronics,
2764,Society of American Fakirs,
2765,"Gutenberg Publishing Company (Milwaukee, Wis.)",
2768,Multiples Gallery,
2769,Fratelli Vianelli (Firm),
2770,Museum of Normal Art,
2771,Orders & Co.,
2772,Pulsa (Artist group),
2773,United Press International,
2774,Hunter College,
2775,Daedalus Concepts,
2776,Lo Giudice Gallery,
2777,W. & A. Bacon Studio,
2778,United States. Dept. of Labor,
2779,"Kasmin Limited (London, Eng.)",
2780,"Hazleton & Deans (Montrose, Penn.)",
2782,"George & William H. Rau (Philadelphia, Pa.)",
2785,"Wesleyan University (Middletown, Conn.). Press",
2786,Galerie Yvon Lambert,
2787,Stahmer Art Photography,
2788,Art West Associated,
2789,Reuben Gallery,
2790,"Board of Trustees of Lake George Village (Lake George, N.Y.)",
2792,"American Fine Arts, Co.",
2793,S.K. Color Co.,
2794,Del Mano Gallery,
2795,Galerie Stadler,
2797,Instituto de Cultura Hispánica (Spain),
2798,Continental Bank Note Co.,
2799,"Jumble Shop (New York, N.Y.)",
2801,Sonderbund Westdeutscher Kunstfreunde und Künstler,
2802,Ohio and Mississippi Railroad Company (1848-1867),
2804,Art Club 2000 (Group of Artists),
2806,Ethical Culture Schools of New York City,
2807,Kölner Dom,
2809,"Eames House (Los Angeles, Calif.)",
2810,"Harvard University. American Defense, Harvard Group",
2812,"Allied Forces. Supreme Headquarters. Monuments, Fine Arts and Archives Section",
2813,Doll & Richards (Gallery),
2816,"Blank & Stoller (New York, N.Y.)",
2817,Kuebler (Firm),
2821,University of New Mexico,
2825,"Museum of Glass (Tacoma, Wash.)",
2826,De Anza College,
2827,"55 Mercer Artists, Inc",
2828,American Artists' Club of Munich,
2831,LeMoyne-Owen College,
2834,National League of Women Voters (U.S.),
2835,Bogart Studio,
2838,Albuquerque Museum,
2839,Associated News,
2842,New Gallery of Contemporary Art,
2845,CBS News,
2847,"Galerie la Boëtie (Paris, France)",
2848,Smolin Gallery,
2850,"California School of Fine Arts (San Francisco, Calif.)",
2853,Cloisters (Museum),
2854,Boissonnas et Taponier (Photography Firm),
2858,Red Bank Register,
2859,Palais de l'Elysée,
2860,New York (N.Y.). Department of State,
2861,Caravan Gallery,
2863,"WPA Art Center (Sioux City, Iowa)",
2864,"Art Center Association of Sioux City (Sioux City, Iowa)",
2865,"Parker Gallery (London, England)",
2866,Museum Wiesbaden,
2868,San Francisco Models' Guild,
2872,Parc Zoologique de Paris,
2874,Anonima Group,
2876,Four (Art group),
2877,"Carl Klein Studios (New York, N.Y.)",
2884,"Germany (Territory under Allied occupation, 1945-1955 : U.S. Zone). Office of Military Government",
2887,Bienville Gallery,
2891,Great Britain. Passport Department,
2893,Polizeiamt Altona,
2895,"Torana Art League (Santa Ana, Calif.)",
2896,National Council of American-Soviet Friendship,
2900,United States. Department of Justice,
2906,"Kiki Gallery (San Francisco, Calif.)",
2907,National Educational Television and Radio Center,
2908,"Wagner International Photos (New York, N.Y.)",
2911,American Museum of Natural History,
2912,American Defense - Harvard Group,
2913,Zindman/Fremont Photography,
2914,Messiah College,
2915,"Harrison (Chicago, Il.)",
2917,Syracuse Museum of Fine Arts,
2920,Waterlow and Sons,
2921,Artists Speak for Peace,
2922,Hartford courant,
2923,"Kendall College (Evanston, Ill.)",
2924,"Publicity Photographers (Brooklyn, N.Y.)",
2925,Bachrach Studios,
2927,Harper's Bazaar,
2929,Sunday Republican Magazine,
2938,Ileana Sonnabend (Gallery),
2942,American Folk Art Gallery,
2946,America: Now and Here,AAA
2951,Université Laval,
2955,Julien Levy Gallery,
2956,Kelly/Mooney Photography,
2958,"David Findlay Jr., Inc.",
2973,Newtown High School,NAF
2974,Citizens for Artist Housing,DCD
2975,Oliver Baker Photography,
2976,Sicily-Rome American Cemetery,DCD
2981,Associated Press,NAF
2982,Ohio University,NAF
2984,Ex Libris,NAF
2987,Central Utah Relocation Project. Project Reports Division,DCD
2988,Central Utah Relocation Project,NAF
2989,American Social Hygiene Association,NAF
2995,Pioneering Research Laboratory,
2997,Studio Museum in Harlem,
2998,Cape Cod Times,
2999,Mascot Studio,DCD
3002,Des Moines Art Center,
3003,The Crosbys,DCD
3007,Dallas-Fort Worth Joint Regional Airport Board,
3009,Dallas-Fort Worth Regional Airport,
3010,National Multiple Sclerosis Society (U.S.),NAF
3016,Hyde Park Herald,
3017,Kathleen Ewing Gallery,AAA
3020,"Heresies Collective, inc.",NAF
3024,Frank Perls Gallery,NAF
3025,Seven Stairs Gallery,DCD
3031,"Hadrian's Villa (Tivoli, Italy)",NAF
3036,"Roger Wong Gallery (Los Angeles, Calif.)",AAA
3039,Nora Eccles Harrison Museum of Art,NAF
3040,"Adlen Arts (Santa Rosa, Calif.)",DCD
3041,Pennsylvania State University. General Extension Photo Services,DCD
3042,Hokin Gallery,
3043,U.S. Department of Commerce,
3045,The Oregonian,
3051,John Berens Photography,
3054,"Fawcett Publications, Inc.",NAF
3055,"Vincentini, Herlich and Funk",AAA
3162,Studio Museum in Harlem,
3187,Political Art Documentation/Distribution (Organization),
3227,"New York Studio School of Drawing, Painting and Sculpture",
3272,Brandeis University,
3416,Organization of Black American Culture,
4518,"Works Progress Administration, Illinois Art Project",DCD
4566,Southside Community Art Center,
4601,Rose Art Museum,NAF
4809,Marcel Breuer Associates/Architects and Planners,
4966,Howard University,
5011,Douglas M. Parker Studio,
5012,Rising Fawn Folk Art Gallery,AAA
5013,Black Shades,AAA
5014,Langston Hughes Center for the Visual and Performing Arts,
5015,International Newsreel Corporation,NAF
5019,Taft Museum of Art,NAF
5020,Jacqueline Anhalt Gallery,DCD
5021,Newspaper Guild of New York,NAF
5022,Wally Findlay Galleries,NAF
5024,Fort Worth Museum of Science and History,NAF
5025,Masses & Mainstream,NAF
5246,Cleveland Trust Company,NAF
5273,United States. Department of State,NAF
5313,Globe Newspaper Co.,NAF
5314,Friends Journal,DCD
5318,Stanford Daily,NAF
